PLAYER_ID,PLAYER_NAME,NICKNAME,TEAM_ID,TEAM_ABBREVIATION,AGE,GP,W,L,W_PCT,MIN,FGM,FGA,FG_PCT,FG3M,FG3A,FG3_PCT,FTM,FTA,FT_PCT,OREB,DREB,REB,AST,TOV,STL,BLK,BLKA,PF,PFD,PTS,PLUS_MINUS,NBA_FANTASY_PTS,DD2,TD3,WNBA_FANTASY_PTS,GP_RANK,W_RANK,L_RANK,W_PCT_RANK,MIN_RANK,FGM_RANK,FGA_RANK,FG_PCT_RANK,FG3M_RANK,FG3A_RANK,FG3_PCT_RANK,FTM_RANK,FTA_RANK,FT_PCT_RANK,OREB_RANK,DREB_RANK,REB_RANK,AST_RANK,TOV_RANK,STL_RANK,BLK_RANK,BLKA_RANK,PF_RANK,PFD_RANK,PTS_RANK,PLUS_MINUS_RANK,NBA_FANTASY_PTS_RANK,DD2_RANK,TD3_RANK,WNBA_FANTASY_PTS_RANK,TEAM_COUNT
1628932,A'ja Wilson,A'ja,1611661319,LVA,24.0,22,18,4,0.818,48.1,11.5,23.9,0.48,0.0,0.0,0.0,8.1,10.4,0.781,2.3,10.6,13.0,3.1,2.4,1.9,3.0,1.5,3.4,7.7,31.1,12.3,63.6,7,0,56.9,1,1,107,9,105,6,7,41,115,128,115,3,2,76,51,12,21,89,109,60,6,19,113,9,7,10,4,4,1,6,1
1627672,Aerial Powers,Aerial,1611661322,WAS,27.0,6,3,3,0.5,48.1,8.6,18.5,0.464,2.4,7.0,0.346,6.7,8.1,0.833,0.5,7.3,7.8,4.0,3.0,2.4,0.0,0.5,4.3,6.7,26.3,11.6,46.0,0,0,45.4,135,118,130,67,102,41,40,49,37,43,53,14,16,49,121,41,67,69,83,36,122,105,77,21,17,12,34,35,1,30,1
1628268,Alaina Coates,Alaina,1611661322,WAS,26.0,20,8,12,0.4,49.7,4.5,8.6,0.529,0.0,0.0,0.0,3.5,6.5,0.538,5.0,8.8,13.9,2.3,3.0,1.8,1.0,1.8,8.3,6.3,12.6,-5.8,37.9,0,0,34.3,66,71,35,92,26,118,138,16,115,128,115,56,24,130,11,29,13,108,80,67,43,14,8,25,122,89,82,35,1,92,1
1629501,Alanna Smith,Alanna,1611661317,PHO,24.0,19,12,7,0.632,47.8,6.9,16.5,0.422,1.6,6.9,0.233,3.2,4.7,0.69,3.4,7.8,11.1,3.7,2.9,0.8,2.4,1.0,7.6,5.2,18.7,12.1,44.5,0,0,41.7,78,35,81,46,114,68,62,83,71,45,100,64,57,107,31,37,40,76,89,124,11,59,14,40,67,11,42,35,1,50,1
1628283,Alexis Jones,Alexis,1611661330,ATL,27.0,6,1,5,0.167,47.8,7.2,18.9,0.381,6.3,17.1,0.368,0.9,1.8,0.5,0.0,0.0,0.0,4.5,5.4,2.7,0.0,0.9,2.7,3.6,21.6,-8.1,31.1,0,0,37.8,135,134,101,132,113,62,33,105,1,1,41,128,120,132,139,143,143,58,12,21,122,66,133,74,48,100,113,35,1,70,1
1628297,Alexis Prince,Alexis,1611661329,CHI,27.0,2,1,1,0.5,48.4,9.1,15.2,0.6,6.1,9.1,0.667,0.0,0.0,0.0,6.1,3.0,9.1,0.0,0.0,0.0,3.0,0.0,3.0,3.0,24.2,-30.3,44.2,0,0,45.5,142,134,138,67,79,26,79,6,2,20,2,139,139,139,7,128,56,140,143,137,7,136,124,94,27,143,44,35,1,29,1
1627704,Alisia Jenkins,Alisia,1611661317,PHO,27.0,5,1,4,0.2,46.6,3.4,13.6,0.25,0.0,5.1,0.0,6.8,10.2,0.667,0.0,6.8,6.8,0.0,5.1,0.0,0.0,1.7,5.1,5.1,13.6,-13.6,16.6,0,0,20.3,138,134,107,129,138,131,95,140,115,71,115,13,4,109,139,53,84,140,15,137,122,15,57,43,108,121,141,35,1,140,3
201516,Allie Quigley,Allie,1611661329,CHI,35.0,22,12,10,0.545,48.6,9.9,22.2,0.448,3.5,10.3,0.346,2.6,2.9,0.919,0.5,4.4,4.9,3.9,2.2,1.1,0.5,0.5,2.4,3.3,26.1,2.9,40.3,0,0,41.5,1,35,51,58,69,13,11,63,15,10,54,82,97,13,124,98,108,72,118,113,80,103,138,86,18,55,63,35,1,54,1
1628277,Allisha Gray,Allisha,1611661321,DAL,26.0,20,7,13,0.35,49.7,8.6,18.6,0.464,2.4,6.7,0.352,5.1,6.2,0.831,2.6,5.4,8.0,2.5,2.1,2.1,0.6,1.0,3.6,4.6,24.7,1.3,43.8,0,0,42.8,66,82,30,100,29,39,39,48,38,49,49,27,30,54,46,75,66,103,122,51,72,47,100,50,24,62,47,35,1,44,1
202252,Alysha Clark,Alysha,1611661328,SEA,33.0,22,18,4,0.818,48.8,6.3,11.3,0.558,2.7,5.2,0.522,1.5,1.9,0.8,1.5,5.7,7.2,4.5,1.5,2.5,0.8,0.2,2.9,2.6,16.9,20.1,41.0,0,0,38.1,1,1,107,9,64,77,119,10,32,70,6,111,116,69,82,72,76,56,138,28,56,134,125,109,78,2,61,35,1,69,1
203826,Alyssa Thomas,Alyssa,1611661323,CON,29.0,21,10,11,0.476,49.6,8.8,17.6,0.5,0.0,0.1,0.0,5.8,8.5,0.686,2.8,10.9,13.7,7.3,3.7,3.0,0.4,1.1,4.2,6.9,23.4,4.1,57.3,7,0,51.3,50,53,42,75,33,34,49,25,115,127,115,21,11,108,37,11,15,15,53,13,84,45,81,19,37,50,8,4,1,13,1
204320,Amanda Zahui B,Amanda,1611661313,NYL,27.0,21,2,19,0.095,48.5,5.9,16.8,0.353,3.1,9.1,0.34,2.3,3.3,0.694,1.4,14.9,16.3,3.7,4.9,1.7,2.4,0.6,5.9,3.6,17.3,-12.9,49.6,3,0,48.5,50,124,4,138,77,83,57,118,24,19,59,95,86,105,85,2,7,77,19,71,13,92,31,76,75,118,21,17,1,21,1
201881,Angel McCoughtry,Angel,1611661319,LVA,34.0,22,18,4,0.818,47.2,12.6,24.2,0.518,1.7,3.6,0.471,7.2,8.2,0.882,4.0,8.0,12.0,5.8,4.1,3.1,0.6,1.2,5.3,8.8,34.0,15.8,64.3,1,0,61.1,1,1,107,9,128,1,5,20,66,92,13,10,15,26,24,34,30,31,33,8,67,33,53,4,1,5,3,26,1,3,1
1628878,Ariel Atkins,Ariel,1611661322,WAS,24.0,22,9,13,0.409,50.2,8.1,18.5,0.438,3.2,7.9,0.411,4.6,5.1,0.886,1.3,3.4,4.7,3.9,3.1,2.9,0.4,0.3,4.3,6.0,24.0,2.6,42.3,0,0,42.4,1,60,30,89,15,47,42,68,22,29,25,34,45,25,88,122,110,73,76,16,83,124,80,31,30,56,56,35,1,46,1
1629481,Arike Ogunbowale,Arike,1611661321,DAL,24.0,22,8,14,0.364,49.7,11.5,27.9,0.412,3.2,9.5,0.336,7.1,8.3,0.856,0.7,3.4,4.1,5.0,3.0,2.3,0.0,1.1,3.5,6.6,33.3,-1.7,49.4,0,0,50.0,1,71,21,96,27,5,1,91,23,16,61,11,14,40,116,120,127,48,81,39,122,39,105,23,2,77,23,35,1,16,1
203838,Astou Ndour-Fall,Astou,1611661321,DAL,26.0,13,4,9,0.308,49.3,6.5,18.6,0.351,2.0,8.2,0.24,0.0,0.0,0.0,4.2,8.2,12.4,2.0,2.0,1.0,2.0,1.0,9.5,1.0,15.0,-25.5,39.7,0,0,37.3,109,112,61,114,47,72,37,120,56,24,93,139,139,139,20,33,25,115,127,118,20,56,4,137,96,140,70,35,1,74,1
203069,Avery Warley-Talbert,Avery,1611661319,LVA,34.0,3,1,2,0.333,46.1,5.7,13.2,0.429,0.0,0.0,0.0,3.8,5.7,0.667,9.4,5.7,15.1,5.7,3.8,0.0,0.0,3.8,11.3,13.2,15.1,-3.8,37.9,0,0,35.8,140,134,135,101,142,90,101,74,115,128,115,49,37,109,1,73,11,35,50,137,122,2,1,1,94,85,81,35,1,83,1
1628922,Azura Stevens,Azura,1611661329,CHI,25.0,13,9,4,0.692,48.0,8.0,16.0,0.5,2.0,5.3,0.385,2.3,2.7,0.85,2.4,8.0,10.4,2.7,2.7,1.6,3.2,0.7,5.3,3.1,20.3,4.6,48.8,2,0,45.2,109,60,107,31,106,49,66,25,50,68,35,92,101,44,49,35,44,97,98,78,4,87,50,93,58,42,25,22,1,31,1
1629492,Beatrice Mompremier,Beatrice,1611661323,CON,24.0,21,10,11,0.476,49.4,5.3,12.4,0.426,0.0,0.0,0.0,2.1,4.8,0.444,8.5,10.1,18.5,0.8,3.7,1.3,3.4,2.1,7.4,3.7,12.7,-4.5,46.7,0,0,41.5,50,53,42,75,39,101,112,77,115,128,115,101,54,137,2,17,3,138,54,96,2,7,16,70,120,87,32,35,1,52,1
1630093,Bella Alarie,Bella,1611661321,DAL,23.0,22,8,14,0.364,49.5,3.8,10.6,0.364,0.2,2.1,0.077,1.6,1.9,0.833,3.7,6.4,10.1,1.8,1.6,2.2,3.0,0.6,5.6,2.1,9.5,-4.3,38.5,0,0,32.1,1,71,21,96,36,128,125,111,112,108,114,109,117,49,27,63,46,122,134,41,5,91,39,122,136,86,77,35,1,107,1
204335,Betnijah Laney-Hamilton,Betnijah,1611661330,ATL,27.0,22,7,15,0.318,48.9,9.5,19.8,0.481,2.0,4.9,0.405,4.1,5.0,0.827,1.6,5.5,7.1,5.8,4.4,2.3,0.1,0.7,3.7,4.8,25.2,-6.1,45.5,4,0,45.1,1,82,16,107,59,19,23,40,52,76,27,46,52,59,77,74,79,30,27,37,118,89,94,46,21,90,38,11,1,33,1
204355,Blake Dietrick,Blake,1611661330,ATL,27.0,22,7,15,0.318,48.9,5.2,11.0,0.471,2.7,6.1,0.448,0.5,0.8,0.625,0.8,3.0,3.8,7.9,4.2,1.9,0.3,0.3,4.4,1.1,13.6,-8.1,32.5,0,0,32.5,1,82,16,107,58,106,123,45,31,59,18,135,134,119,106,131,128,10,31,59,96,123,73,135,107,101,108,35,1,104,1
1627668,Breanna Stewart,Breanna,1611661328,SEA,26.0,20,17,3,0.85,48.7,10.7,23.7,0.451,2.8,7.6,0.368,7.5,8.3,0.894,1.6,11.6,13.2,5.8,4.0,2.6,2.1,0.9,3.6,6.4,31.6,16.2,66.4,5,0,62.9,66,16,130,7,65,10,8,58,28,33,41,7,13,21,76,6,18,32,38,24,18,68,99,24,6,4,2,7,1,1,1
203829,Bria Hartley,Bria,1611661317,PHO,28.0,13,7,6,0.538,48.4,9.9,23.6,0.42,3.8,9.8,0.385,5.0,6.2,0.805,0.8,5.0,5.7,8.7,4.1,2.3,0.0,0.9,5.0,5.3,28.6,0.3,51.2,0,0,51.3,109,82,89,63,85,14,9,85,12,14,35,28,28,68,110,81,96,7,34,40,122,64,59,38,11,65,17,35,1,12,1
1627678,Bria Holmes,Bria,1611661323,CON,27.0,18,8,10,0.444,49.3,5.9,16.6,0.357,1.7,5.1,0.333,1.4,2.0,0.667,2.2,3.4,5.6,3.4,3.1,2.2,0.8,1.0,2.9,1.5,14.9,-12.7,32.8,0,0,31.7,86,71,51,84,45,84,60,115,67,71,62,117,113,109,58,119,97,82,78,42,56,50,129,132,99,117,106,35,1,109,1
201896,Briann January,Briann,1611661323,CON,34.0,13,8,5,0.615,50.5,3.7,12.5,0.293,1.8,5.0,0.367,1.7,2.0,0.833,0.7,2.0,2.7,7.3,2.5,1.3,0.3,0.2,4.2,4.5,10.8,13.5,27.5,0,0,26.0,109,71,101,49,9,129,110,134,62,74,43,108,114,49,115,139,141,14,106,94,94,133,83,53,130,7,126,35,1,130,1
1629488,Brianna Turner,Brianna,1611661317,PHO,24.0,22,13,9,0.591,48.7,5.2,9.0,0.579,0.0,0.1,0.0,2.1,3.3,0.643,4.5,11.2,15.7,3.1,2.5,1.9,3.4,1.0,5.2,3.4,12.6,2.3,49.6,4,0,42.1,1,29,61,52,68,104,134,7,115,126,115,99,83,115,16,9,9,90,107,58,3,62,54,80,121,59,22,11,1,48,1
1629524,Bridget Carleton,Bridget,1611661324,MIN,24.0,22,14,8,0.636,50.3,4.7,9.0,0.52,1.9,4.1,0.457,1.6,2.5,0.643,1.9,5.0,6.9,4.8,2.4,1.3,0.0,0.6,3.5,3.0,12.8,5.6,29.9,0,0,29.1,1,21,69,43,13,114,135,19,60,86,17,110,105,115,65,82,83,52,111,95,122,93,102,95,117,37,118,35,1,116,1
1628280,Brionna Jones,Brionna,1611661323,CON,25.0,21,9,12,0.429,50.0,8.9,14.8,0.605,0.1,0.1,1.0,3.5,5.0,0.691,5.4,5.4,10.7,1.9,3.1,3.2,1.3,1.0,5.9,4.3,21.4,5.7,47.5,2,0,43.1,50,60,35,86,20,30,83,4,114,125,1,58,51,106,10,76,43,118,75,7,35,52,33,58,50,36,31,22,1,41,1
1630095,Brittany Brewer,Brittany,1611661330,ATL,23.0,5,1,4,0.2,48.1,2.9,4.4,0.667,0.0,0.0,0.0,0.0,0.0,0.0,1.5,5.9,7.4,0.0,2.9,4.4,5.9,0.0,5.9,1.5,5.9,-13.2,42.6,0,0,33.8,138,134,107,129,99,137,143,2,115,128,115,139,139,139,81,67,72,140,85,2,1,136,34,133,142,119,54,35,1,95,1
203398,Brittney Griner,Brittney,1611661317,PHO,30.0,12,6,6,0.5,48.1,11.0,22.1,0.497,0.0,0.1,0.0,4.8,5.9,0.809,2.3,9.1,11.3,4.5,3.8,0.5,2.8,0.8,3.8,6.8,26.7,3.4,53.2,1,0,49.2,119,93,89,67,101,8,12,28,115,124,115,30,33,66,56,25,37,57,49,131,9,79,93,20,16,54,14,26,1,20,1
1628279,Brittney Sykes,Brittney,1611661320,LAS,27.0,21,14,7,0.667,49.0,7.0,14.4,0.487,1.5,4.7,0.327,4.8,5.9,0.806,1.5,3.6,5.2,4.3,3.4,3.0,0.6,0.6,5.9,6.7,20.3,8.2,40.1,0,0,38.4,50,21,81,36,55,67,88,39,74,79,74,31,31,67,79,113,103,64,60,14,71,99,32,22,59,26,66,35,1,66,1
201496,Candace Parker,Candace,1611661320,LAS,35.0,22,15,7,0.682,49.3,9.3,18.1,0.51,1.4,3.6,0.396,4.3,5.8,0.731,2.8,13.2,16.0,7.5,4.8,1.9,2.0,0.4,3.8,5.6,24.2,7.7,61.8,10,0,57.1,1,18,81,34,49,24,43,22,82,93,30,42,34,94,39,4,8,13,22,56,19,115,92,35,28,29,5,1,1,5,1
200676,Candice Dupree,Candice,1611661325,IND,36.0,22,6,16,0.273,50.2,8.8,19.0,0.462,0.2,1.4,0.167,3.1,3.6,0.854,2.0,7.4,9.4,4.2,2.1,1.2,0.7,0.6,2.0,3.6,20.9,-12.1,42.0,0,0,38.5,1,93,10,120,14,35,32,51,110,112,108,66,77,42,61,39,48,66,120,105,65,94,141,77,52,115,58,35,1,64,1
202670,Carolyn Swords,Carolyn,1611661319,LVA,31.0,22,18,4,0.818,46.3,2.8,6.0,0.46,0.0,0.0,0.0,2.0,2.7,0.773,4.0,8.3,12.3,2.4,2.2,0.6,0.2,0.6,2.5,1.8,7.6,10.2,26.3,0,0,24.0,1,1,107,9,141,139,142,53,115,128,115,103,102,79,23,32,27,105,117,129,104,95,135,126,140,19,128,35,1,137,1
203833,Chelsea Gray,Chelsea,1611661320,LAS,28.0,22,15,7,0.682,49.5,9.0,20.3,0.442,1.3,4.3,0.305,3.4,3.6,0.939,1.1,4.9,6.0,8.5,4.4,2.5,0.1,0.5,2.8,3.5,22.6,7.2,46.1,0,0,43.8,1,18,81,34,34,28,21,67,89,83,79,61,78,9,96,88,93,8,26,32,116,109,131,78,42,30,33,35,1,36,1
1630150,Chennedy Carter,Chennedy,1611661330,ATL,22.0,16,6,10,0.375,47.7,12.5,26.3,0.473,1.4,3.8,0.375,6.5,7.9,0.821,0.9,3.3,4.2,6.5,5.1,1.6,0.6,1.9,6.7,7.6,32.8,-9.9,49.2,0,0,49.4,101,93,51,95,118,2,2,43,84,90,39,15,17,61,102,126,121,24,16,76,70,11,20,11,3,108,24,35,1,18,1
204323,Cheyenne Parker-Tyus,Cheyenne,1611661329,CHI,28.0,20,10,10,0.5,48.2,9.4,17.0,0.554,1.5,3.1,0.469,5.7,6.7,0.855,4.6,7.8,12.4,2.9,5.3,2.5,1.7,1.8,6.1,7.1,26.0,4.2,52.7,3,0,51.3,66,53,51,67,92,20,56,11,80,98,15,24,23,41,15,36,26,94,13,31,25,13,27,15,19,48,15,17,1,14,1
204332,Cierra Burdick,Cierra,1611661319,LVA,27.0,13,12,1,0.923,46.8,3.3,11.7,0.286,0.0,0.0,0.0,0.0,0.0,0.0,1.7,6.7,8.3,3.3,1.7,0.0,0.0,0.0,3.3,1.7,6.7,-31.7,20.0,0,0,18.3,109,35,138,2,135,133,117,135,115,128,115,139,139,139,74,56,62,84,131,137,122,136,114,128,141,144,140,35,1,141,1
202664,Courtney Vandersloot,Courtney,1611661329,CHI,32.0,22,12,10,0.545,48.1,7.4,15.1,0.491,2.1,5.3,0.395,3.9,4.4,0.889,0.8,4.6,5.3,15.3,3.7,1.8,0.6,0.5,3.2,4.9,20.8,9.6,53.5,9,0,48.2,1,35,51,58,103,58,80,35,48,69,31,47,63,23,109,94,100,1,52,65,73,111,120,45,53,22,13,3,1,22,1
1627675,Courtney Williams,Courtney,1611661330,ATL,27.0,20,6,14,0.3,49.2,10.8,24.8,0.436,0.6,2.7,0.235,1.3,1.9,0.696,3.0,8.6,11.5,5.1,4.4,1.0,0.2,0.8,3.1,2.1,23.6,-8.6,44.3,4,0,43.3,66,93,21,116,51,9,3,69,102,102,96,120,118,104,34,30,35,44,30,115,115,75,122,121,34,104,43,11,1,39,1
1630101,Crystal Dangerfield,Crystal,1611661324,MIN,23.0,21,13,8,0.619,49.8,9.8,20.8,0.471,2.7,8.1,0.333,4.7,5.1,0.922,0.4,2.8,3.2,5.9,4.2,1.4,0.1,0.6,2.5,4.4,27.0,4.9,40.1,0,0,41.9,50,29,69,47,25,16,18,44,33,25,62,32,50,11,131,133,137,28,32,90,120,101,136,56,14,40,67,35,1,49,1
201518,Crystal Langhorne,Crystal,1611661328,SEA,34.0,13,11,2,0.846,48.8,3.2,7.8,0.412,0.5,2.3,0.2,1.4,2.7,0.5,1.4,11.4,12.8,2.7,5.0,0.5,0.5,0.5,3.2,3.2,8.2,-6.4,25.4,0,0,26.0,109,46,135,8,62,134,141,92,107,105,104,116,100,132,85,8,23,96,18,136,81,113,119,90,138,93,133,35,1,129,1
203024,Damiris Dantas,Damiris,1611661324,MIN,28.0,22,14,8,0.636,50.6,8.8,19.0,0.464,3.4,7.8,0.433,3.5,4.7,0.727,3.2,8.4,11.6,5.0,3.5,2.2,0.4,1.0,4.8,5.1,24.4,4.1,50.2,1,0,49.6,1,21,69,43,7,33,31,50,18,31,19,59,55,96,32,31,34,45,58,44,85,48,62,41,25,49,19,26,1,17,1
202658,Danielle Robinson,Danielle,1611661319,LVA,32.0,22,18,4,0.818,47.8,6.0,11.7,0.512,0.5,1.3,0.385,3.3,4.1,0.81,0.5,4.7,5.1,7.0,2.7,1.8,0.2,0.7,3.7,4.5,15.8,12.4,35.9,0,0,32.5,1,1,107,9,116,82,116,21,106,114,35,63,69,65,123,93,104,18,97,62,109,86,96,55,87,9,93,35,1,103,1
201886,DeWanna Bonner,DeWanna,1611661323,CON,33.0,22,10,12,0.455,50.0,10.1,24.0,0.422,1.8,7.3,0.252,7.6,8.5,0.895,2.3,9.4,11.8,4.4,3.6,2.5,0.8,0.8,3.2,7.3,29.7,4.2,56.9,5,0,54.4,1,53,35,81,17,12,6,82,61,36,90,5,12,20,53,22,33,59,56,30,58,74,118,13,9,47,9,7,1,8,1
204324,Dearica Hamby,Dearica,1611661319,LVA,27.0,22,18,4,0.818,48.6,8.6,15.9,0.539,1.4,3.0,0.474,3.8,5.2,0.716,2.2,10.1,12.3,4.7,3.5,2.9,0.3,2.0,3.9,4.6,22.3,10.1,50.2,4,0,47.1,1,1,107,9,71,42,68,12,85,99,10,51,40,97,60,16,28,54,57,15,98,10,91,51,43,20,18,11,1,26,1
1628890,Diamond DeShields,Diamond,1611661329,CHI,26.0,13,9,4,0.692,46.3,7.4,17.1,0.434,0.6,3.7,0.167,2.9,3.7,0.778,0.6,4.1,4.8,4.1,6.2,2.5,0.2,1.0,5.6,3.7,18.4,-1.0,32.1,0,0,33.3,109,60,107,31,140,57,55,71,103,91,108,72,75,77,117,102,109,67,7,33,107,49,41,69,70,74,109,35,1,97,1
100940,Diana Taurasi,Diana,1611661317,PHO,39.0,19,11,8,0.579,48.0,8.6,21.2,0.409,5.5,15.0,0.365,9.3,10.2,0.912,0.2,6.9,7.1,7.7,4.0,1.7,0.7,0.3,4.7,9.3,32.1,1.3,55.6,2,0,57.3,78,46,69,55,108,38,16,94,3,2,45,2,3,16,138,48,80,12,40,72,64,125,65,3,4,63,11,22,1,4,1
204322,Elizabeth Williams,Elizabeth,1611661330,ATL,28.0,22,7,15,0.318,48.6,6.6,13.5,0.489,0.0,0.0,0.0,3.7,5.0,0.742,3.7,5.7,9.4,2.3,1.9,1.3,2.3,1.6,4.3,5.0,16.9,-7.2,40.5,3,0,35.8,1,82,16,107,74,71,97,37,115,128,115,52,53,88,26,71,48,107,128,100,16,17,76,44,79,98,62,17,1,84,1
1628242,Emma Cannon,Emma,1611661319,LVA,32.0,1,1,0,1.0,20.4,0.0,0.0,0.0,0.0,0.0,0.0,0.0,0.0,0.0,0.0,0.0,0.0,0.0,0.0,0.0,0.0,0.0,0.0,0.0,0.0,0.0,0.0,0,0,0.0,145,134,145,1,145,143,144,143,115,128,115,139,139,139,139,143,143,140,143,137,122,136,144,143,143,66,144,35,1,144,1
203416,Emma Meesseman,Emma,1611661322,WAS,28.0,20,9,11,0.45,50.4,8.7,19.1,0.454,1.0,3.6,0.289,2.3,2.8,0.829,2.6,5.8,8.4,7.1,3.2,1.9,1.3,0.3,2.8,3.5,20.7,-0.8,47.8,3,0,43.6,66,60,42,83,11,37,30,55,94,94,83,91,98,56,45,70,61,17,73,57,36,122,132,79,55,72,28,17,1,38,1
202259,Epiphanny Prince,Epiphanny,1611661328,SEA,33.0,15,11,4,0.733,49.6,5.7,14.9,0.386,2.3,7.0,0.333,2.9,3.4,0.846,0.3,4.4,4.7,5.5,3.1,1.6,0.5,0.5,5.7,3.1,16.7,2.3,33.7,0,0,33.4,105,46,107,26,32,87,81,102,39,42,62,74,81,46,136,97,112,41,74,83,75,108,37,92,80,58,102,35,1,96,1
1628286,Erica McCall,Erica,1611661324,MIN,25.0,20,13,7,0.65,49.4,4.3,12.1,0.356,0.3,1.1,0.25,4.9,5.9,0.818,6.2,7.0,13.2,0.8,2.4,1.6,1.9,0.5,6.5,4.3,13.7,8.1,38.9,0,0,35.0,66,29,81,39,41,121,114,116,108,118,91,29,32,62,6,44,19,137,108,80,21,104,23,57,106,27,75,35,1,88,2
201502,Essence Carson,Essence,1611661323,CON,34.0,21,9,12,0.429,48.4,5.0,16.5,0.303,2.0,7.3,0.273,1.0,1.7,0.6,1.2,4.7,5.8,2.0,2.7,1.5,0.3,1.0,3.5,2.0,13.0,-15.2,25.8,0,0,26.5,50,60,35,86,86,109,61,131,52,35,85,126,121,122,90,92,94,113,99,85,94,53,106,123,115,128,132,35,1,128,2
1629496,Ezi Magbegor,Ezi,1611661328,SEA,21.0,22,18,4,0.818,47.7,10.1,17.8,0.569,0.2,0.5,0.333,3.1,4.4,0.704,4.1,4.7,8.8,1.1,1.5,2.0,2.6,1.3,7.0,3.6,23.6,10.8,48.2,0,0,42.9,1,1,107,9,117,11,47,9,111,121,62,65,62,102,21,90,59,132,136,55,10,26,18,75,33,16,26,35,1,42,1
1628931,Gabby Williams,Gabby,1611661329,CHI,24.0,22,12,10,0.545,48.3,5.9,14.0,0.424,1.8,6.2,0.286,1.4,2.2,0.64,1.8,6.0,7.8,3.9,3.3,2.6,0.4,0.5,2.8,2.5,15.0,-0.9,36.0,0,0,34.5,1,35,51,58,90,85,92,81,64,57,84,115,109,117,72,66,68,74,68,27,82,106,130,114,97,73,92,35,1,91,1
203017,Glory Johnson,Glory,1611661330,ATL,30.0,18,5,13,0.278,48.0,5.5,14.6,0.373,1.9,7.4,0.262,2.1,4.2,0.5,1.2,10.6,11.8,1.9,2.3,2.6,1.2,0.5,4.8,3.4,15.0,-8.5,41.4,0,0,38.4,86,105,30,119,107,98,85,107,57,34,87,101,65,132,89,13,32,116,112,25,37,107,63,83,98,103,60,35,1,65,1
204330,Isabelle Harrison,Isabelle,1611661321,DAL,27.0,13,5,8,0.385,48.4,6.4,14.2,0.447,0.0,0.6,0.0,2.8,3.6,0.789,3.6,7.7,11.2,3.4,3.4,1.7,0.9,1.1,6.0,4.1,15.5,-1.3,38.6,1,0,35.4,109,105,69,94,82,76,90,64,115,120,115,75,79,74,29,38,38,83,62,74,49,40,30,62,92,75,76,26,1,87,1
203043,Jacki Gemelos,Jacki,1611661322,WAS,32.0,18,7,11,0.389,50.5,4.3,12.7,0.339,2.0,8.0,0.257,0.5,0.9,0.5,0.7,3.6,4.3,3.4,2.7,1.4,0.2,0.5,4.1,0.7,11.1,-3.4,23.5,0,0,24.1,86,82,42,93,8,120,108,126,49,26,88,136,132,132,113,113,120,81,96,92,106,114,87,142,129,84,135,35,1,136,2
1629498,Jackie Young,Jackie,1611661319,LVA,23.0,22,18,4,0.818,48.5,7.9,16.1,0.492,0.3,1.1,0.231,4.4,5.2,0.852,1.5,6.6,8.1,5.7,3.0,1.3,0.2,0.9,3.3,4.8,20.5,10.5,40.2,0,0,37.5,1,1,107,9,78,51,63,33,109,117,101,38,43,43,78,59,64,34,82,101,112,69,115,49,57,18,64,35,1,72,1
202662,Jasmine Thomas,Jasmine,1611661323,CON,31.0,19,9,10,0.474,49.5,7.8,19.2,0.404,2.1,6.4,0.333,2.1,2.3,0.913,0.4,3.0,3.4,7.8,4.7,2.4,0.5,0.7,3.1,3.2,19.8,7.1,39.7,0,0,39.0,78,60,51,78,35,54,28,98,44,53,62,99,107,15,129,130,134,11,23,35,76,85,123,91,62,32,71,35,1,62,1
1630153,Jaylyn Agnew,Jaylyn,1611661330,ATL,23.0,12,4,8,0.333,47.6,2.7,10.0,0.267,2.0,8.7,0.231,2.7,3.3,0.8,0.0,3.3,3.3,2.0,3.3,0.0,0.0,0.0,4.7,2.0,10.0,-20.7,13.7,0,0,17.3,119,112,69,101,120,140,130,138,52,21,101,80,83,69,139,124,136,113,64,137,122,136,66,123,133,134,142,35,1,142,1
1630119,Jazmine Jones,Jazmine,1611661313,NYL,24.0,20,2,18,0.1,46.9,7.6,18.8,0.404,1.6,4.9,0.333,6.9,8.8,0.788,2.0,6.9,8.9,4.9,6.3,3.1,1.0,1.1,6.5,6.9,23.7,-16.2,47.7,0,0,47.3,66,124,6,136,133,55,35,100,69,75,62,12,7,75,64,50,58,49,6,9,46,42,22,18,32,130,29,35,1,25,1
204319,Jewell Loyd,Jewell,1611661328,SEA,27.0,22,18,4,0.818,48.5,8.9,20.0,0.443,3.1,7.9,0.39,6.1,7.0,0.875,1.1,3.0,4.1,5.5,3.3,2.5,0.5,0.8,2.7,5.4,26.9,14.5,45.9,0,0,45.7,1,1,107,9,76,32,22,66,25,27,33,19,21,28,93,129,125,40,66,29,78,76,134,37,15,6,36,35,1,28,1
1630139,Jocelyn Willoughby,Jocelyn,1611661313,NYL,23.0,22,2,20,0.091,47.5,4.8,13.5,0.358,1.9,4.6,0.405,4.3,5.2,0.833,1.9,4.7,6.6,2.5,3.9,1.9,0.7,2.0,6.2,5.1,15.9,-19.0,31.5,0,0,32.0,1,124,1,140,122,111,96,114,59,80,27,40,42,49,67,91,87,102,45,60,63,9,26,42,85,132,111,35,1,108,1
1628886,Jordin Canada,Jordin,1611661328,SEA,25.0,20,16,4,0.8,48.8,5.7,13.3,0.424,0.1,1.1,0.091,4.4,5.8,0.772,1.0,3.6,4.6,11.0,4.0,3.0,0.0,1.0,3.5,5.8,15.8,10.6,43.0,0,0,37.6,66,17,107,23,63,91,99,80,113,116,113,37,36,80,99,115,115,2,37,12,122,51,103,33,86,17,51,35,1,71,1
1630115,Joyner Holmes,Joyner,1611661313,NYL,23.0,19,1,18,0.053,47.2,5.5,17.9,0.306,0.7,6.9,0.107,2.2,3.0,0.75,3.7,8.9,12.7,3.2,3.2,0.5,0.5,1.0,3.5,2.5,13.9,-22.6,33.7,1,0,32.5,78,134,6,144,127,99,46,130,100,44,112,97,91,83,25,27,24,88,71,133,77,55,108,113,104,136,103,26,1,105,1
1627700,Julie Allemand,Julie,1611661325,IND,24.0,22,6,16,0.273,50.0,4.3,9.3,0.459,3.1,6.4,0.478,1.5,2.1,0.733,0.6,6.4,7.0,8.9,4.0,1.7,0.6,0.2,4.0,2.6,13.1,-12.3,38.0,0,0,36.8,1,93,10,120,19,123,132,54,26,54,9,112,111,90,119,62,82,5,35,69,68,130,90,110,113,116,79,35,1,78,1
1628273,Kaela Davis,Kaela,1611661330,ATL,26.0,2,1,1,0.5,35.6,0.0,0.0,0.0,0.0,0.0,0.0,0.0,0.0,0.0,0.0,0.0,0.0,0.0,0.0,0.0,0.0,0.0,0.0,0.0,0.0,-71.4,0.0,0,0,0.0,142,134,138,67,144,143,144,143,115,128,115,139,139,139,139,143,143,140,143,137,122,136,144,143,143,145,144,35,1,144,1
1627674,Kahleah Copper,Kahleah,1611661329,CHI,26.0,22,12,10,0.545,48.3,9.3,18.7,0.496,1.5,4.3,0.344,2.9,3.9,0.732,1.5,7.0,8.4,3.3,3.8,1.5,0.4,1.2,3.7,4.1,22.9,4.8,39.6,0,0,39.7,1,35,51,58,87,23,36,29,76,85,55,73,73,93,80,46,60,85,48,86,92,32,97,60,41,41,72,35,1,59,1
1630097,Kaila Charles,Kaila,1611661323,CON,23.0,21,10,11,0.476,50.1,5.3,13.0,0.412,1.5,4.0,0.367,2.9,4.1,0.71,3.1,4.1,7.2,2.5,2.5,2.1,0.9,0.7,6.0,3.3,15.1,-0.3,34.2,0,0,32.4,50,53,42,75,16,100,104,90,77,87,43,69,67,101,33,100,74,99,104,46,50,88,29,84,95,68,99,35,1,106,1
1629480,Kalani Brown,Kalani,1611661330,ATL,24.0,10,3,7,0.3,47.4,9.3,17.8,0.522,0.0,0.0,0.0,4.7,7.8,0.6,2.3,7.0,9.3,0.0,3.9,0.8,0.8,1.6,7.8,6.2,23.3,-14.0,35.2,0,0,35.7,125,118,81,116,124,21,48,18,115,128,115,33,19,122,52,45,50,140,43,125,61,18,13,26,39,123,95,35,1,85,1
204321,Kaleena Mosqueda-Lewis,Kaleena,1611661323,CON,27.0,16,5,11,0.313,47.6,5.5,18.6,0.297,3.5,13.7,0.255,1.2,2.0,0.571,0.3,5.8,6.1,1.2,2.0,0.9,0.3,1.2,4.9,2.3,15.7,-23.8,26.2,0,0,28.8,101,105,42,112,121,95,38,133,16,3,89,124,112,127,134,69,91,131,123,123,100,36,60,119,89,138,130,35,1,117,1
1630154,Kamiah Smalls,Kamiah,1611661325,IND,23.0,7,1,6,0.143,47.3,4.3,9.5,0.45,3.3,5.7,0.583,0.9,0.9,1.0,2.4,1.4,3.8,6.6,0.9,0.5,0.5,1.4,1.4,0.9,12.8,-6.6,29.2,0,0,28.4,132,134,89,133,126,122,131,59,20,65,4,127,131,1,50,142,129,23,142,134,79,25,143,138,119,95,122,35,1,119,1
202640,Karima Christmas-Kelly,Karima,1611661324,MIN,31.0,2,1,1,0.5,46.5,1.9,13.0,0.143,0.0,5.6,0.0,13.0,14.8,0.875,1.9,9.3,11.1,1.9,7.4,5.6,1.9,3.7,3.7,13.0,16.7,-5.6,47.6,0,0,44.4,142,134,138,67,139,142,103,142,115,67,115,1,1,28,68,23,41,119,4,1,23,3,95,2,81,88,30,35,1,35,1
1630104,Kathleen Doyle,Kathleen,1611661325,IND,23.0,18,4,14,0.222,46.8,3.0,12.3,0.244,1.5,6.3,0.238,0.6,1.2,0.5,0.9,3.6,4.5,5.7,5.4,2.1,0.0,0.6,7.8,3.3,8.1,-9.6,23.0,0,0,24.1,86,112,21,126,134,135,113,141,75,56,95,131,129,132,104,116,116,33,11,49,122,95,11,88,139,107,136,35,1,135,1
1629478,Katie Lou Samuelson,Katie Lou,1611661321,DAL,24.0,22,8,14,0.364,48.3,4.4,10.6,0.417,2.1,6.6,0.317,1.2,1.7,0.733,0.9,5.0,5.8,3.3,1.3,1.7,0.9,0.1,3.5,2.5,12.1,-2.6,30.3,0,0,28.4,1,71,21,96,91,119,126,89,46,51,75,123,122,90,105,83,95,86,139,75,52,135,104,112,125,81,115,35,1,120,1
203405,Kayla Alexander,Kayla,1611661324,MIN,30.0,16,11,5,0.688,49.6,8.9,16.7,0.533,0.0,0.0,0.0,2.8,4.4,0.625,5.0,3.3,8.3,1.7,3.3,1.1,1.7,2.8,7.8,3.3,20.6,-18.9,38.1,0,0,36.1,101,46,101,33,31,31,59,14,115,128,115,78,60,119,12,124,62,124,64,111,27,5,12,85,56,131,78,35,1,82,1
203825,Kayla McBride,Kayla,1611661319,LVA,29.0,22,18,4,0.818,47.3,7.3,17.2,0.425,2.0,5.9,0.342,5.7,6.3,0.897,0.7,3.4,4.1,4.2,2.5,2.1,0.2,0.9,2.4,4.5,22.2,8.3,37.8,0,0,37.1,1,1,107,9,125,59,54,79,51,62,57,25,27,19,111,118,124,65,105,50,114,67,137,52,45,25,85,35,1,76,1
203866,Kayla Thornton,Kayla,1611661321,DAL,28.0,22,8,14,0.364,49.9,4.8,11.4,0.425,2.2,6.5,0.347,2.5,2.9,0.875,2.9,7.3,10.1,1.5,2.2,1.8,0.4,0.3,5.8,2.9,14.4,-3.1,33.1,2,0,32.6,1,71,21,96,21,112,118,78,42,52,52,87,96,28,35,41,45,126,115,66,91,126,36,101,102,83,105,22,1,102,1
1628909,Kelsey Mitchell,Kelsey,1611661325,IND,25.0,22,6,16,0.273,49.6,9.7,21.6,0.448,3.9,10.1,0.389,4.4,5.1,0.849,0.4,3.0,3.4,4.4,3.8,1.0,0.1,0.8,4.4,4.8,27.7,-9.9,37.8,0,0,41.6,1,93,10,120,30,17,13,62,10,12,34,39,46,45,127,132,133,62,47,117,117,70,74,47,13,110,84,35,1,51,1
1629568,Kennedy Burke,Kennedy,1611661325,IND,24.0,22,6,16,0.273,48.6,6.9,15.3,0.449,1.8,5.8,0.313,3.6,5.1,0.714,2.3,2.4,4.7,3.0,3.3,1.7,1.0,1.1,2.9,3.6,19.2,-11.5,34.1,0,0,34.0,1,93,10,120,70,69,73,60,63,63,76,55,49,98,55,137,111,91,69,73,48,44,128,73,65,112,101,35,1,94,1
1628915,Kia Nurse,Kia,1611661313,NYL,25.0,21,2,19,0.095,48.4,5.7,20.9,0.273,2.6,10.9,0.238,7.5,8.6,0.864,0.9,4.1,5.0,4.0,3.9,0.9,0.3,1.4,3.2,8.1,21.4,-15.1,33.4,0,0,35.6,50,124,4,138,81,89,17,137,35,9,94,8,9,38,103,104,107,70,44,120,93,24,121,6,49,127,104,35,1,86,1
201913,Kia Vaughn,Kia,1611661317,PHO,34.0,22,13,9,0.591,48.1,7.2,14.7,0.488,0.0,0.2,0.0,1.3,2.2,0.579,2.8,6.5,9.3,3.9,3.9,1.3,0.8,0.6,4.5,1.6,15.6,-0.5,35.0,0,0,33.0,1,29,61,52,98,63,84,38,115,123,115,121,110,126,38,61,51,71,42,102,59,98,68,129,91,69,97,35,1,98,1
204329,Kiah Stokes,Kiah,1611661313,NYL,28.0,22,2,20,0.091,48.4,4.1,11.0,0.372,1.6,6.8,0.235,0.3,0.6,0.571,2.3,9.6,11.8,2.1,2.3,0.9,2.1,0.3,3.6,1.0,10.1,-14.9,34.2,0,0,31.6,1,124,1,140,83,125,122,108,72,47,96,137,138,127,57,20,31,112,114,122,17,121,98,136,132,125,100,35,1,111,1
1629506,Kiara Leslie,Kiara,1611661322,WAS,25.0,19,8,11,0.421,50.8,4.7,13.2,0.352,2.1,5.8,0.362,1.5,1.6,0.923,1.8,5.1,7.0,2.5,2.2,1.1,0.9,0.5,3.3,1.7,12.9,-2.0,28.6,0,0,28.3,78,71,42,88,3,116,100,119,47,64,46,114,125,10,69,80,81,104,116,112,55,110,116,127,116,78,123,35,1,121,1
1629485,Kristine Anigwe,Kristine,1611661320,LAS,24.0,17,11,6,0.647,49.1,8.0,13.2,0.604,0.0,0.0,0.0,3.5,6.5,0.538,4.5,6.7,11.2,1.0,4.0,2.7,1.7,1.5,8.2,5.2,19.4,6.2,43.8,0,0,40.5,94,46,89,40,53,50,102,5,115,128,115,57,25,130,17,54,39,135,39,20,26,21,10,39,63,35,48,35,1,57,1
1630131,Kylee Shook,Kylee,1611661313,NYL,23.0,20,2,18,0.1,47.1,5.2,12.8,0.405,0.5,2.8,0.176,2.3,2.8,0.824,2.4,6.7,9.1,1.8,3.3,1.1,1.6,2.1,4.2,2.4,13.2,-27.2,31.8,0,0,30.1,66,124,6,136,129,105,105,97,105,101,107,96,99,60,48,56,54,121,70,110,29,8,82,116,111,141,110,35,1,115,1
1630100,Lauren Cox,Lauren,1611661325,IND,23.0,14,3,11,0.214,48.1,4.7,11.3,0.419,0.8,1.6,0.5,2.9,3.9,0.733,2.6,9.5,12.1,5.0,2.9,1.6,1.1,0.3,5.3,2.9,13.2,3.7,40.2,0,0,36.3,108,118,42,128,100,113,120,86,97,111,7,71,70,90,42,21,29,46,91,82,40,128,51,100,112,52,65,35,1,81,1
203406,Layshia Clarendon,Layshia,1611661313,NYL,30.0,19,2,17,0.105,48.6,7.2,15.6,0.465,1.5,4.3,0.341,5.4,6.2,0.873,0.6,4.1,4.7,7.2,6.4,1.8,0.0,1.2,5.4,6.9,21.3,-13.4,36.8,0,0,38.3,78,124,9,135,73,61,71,47,78,84,58,26,29,34,118,103,113,16,5,68,122,34,49,17,51,120,89,35,1,67,1
1630127,Leaonna Odom,Leaonna,1611661313,NYL,23.0,22,2,20,0.091,48.7,5.2,10.5,0.49,0.5,2.2,0.25,2.2,2.5,0.87,3.7,1.7,5.4,1.7,1.6,1.6,0.9,1.0,4.0,2.4,13.0,-11.9,27.8,0,0,25.6,1,124,1,140,66,107,127,36,104,106,91,98,106,37,28,140,98,123,132,81,54,60,89,118,114,113,124,35,1,131,1
201507,Leilani Mitchell,Leilani,1611661322,WAS,36.0,22,9,13,0.409,50.4,5.5,13.4,0.408,2.2,7.1,0.305,2.5,2.9,0.872,0.8,3.8,4.6,8.9,2.8,1.3,0.1,0.8,3.4,3.4,15.7,-0.7,35.8,1,0,34.1,1,60,30,89,10,97,98,95,43,38,78,84,92,36,107,109,114,6,93,103,121,72,110,81,90,71,94,26,1,93,1
1628882,Lexie Brown,Lexie,1611661324,MIN,26.0,17,11,6,0.647,49.9,5.1,14.8,0.342,1.9,6.9,0.269,2.5,3.2,0.792,0.4,4.0,4.4,5.5,3.2,4.1,0.0,0.3,3.5,2.8,14.5,5.3,37.2,0,0,34.5,94,46,89,40,24,108,82,123,58,46,86,86,88,73,130,106,118,42,72,3,122,127,109,104,101,38,87,35,1,90,1
1628263,Lindsay Allen,Lindsay,1611661319,LVA,26.0,21,18,3,0.857,46.8,4.6,11.0,0.418,1.0,3.0,0.333,1.3,1.6,0.8,1.0,2.8,3.8,8.4,2.6,1.2,0.2,1.2,3.3,2.5,11.5,3.5,30.0,0,0,27.3,50,1,130,5,136,117,121,88,95,100,62,119,123,69,100,134,130,9,101,109,113,37,117,115,128,53,116,35,1,126,1
1628895,Marie Gülich,Marie,1611661320,LAS,27.0,12,8,4,0.667,48.2,5.3,10.5,0.5,0.0,1.2,0.0,1.2,1.2,1.0,2.0,5.3,7.3,2.8,2.0,1.6,1.2,0.4,9.3,1.6,11.7,-8.9,31.2,0,0,27.5,119,71,107,36,96,102,128,25,115,115,115,122,128,1,63,79,73,95,125,79,38,117,5,130,127,106,112,35,1,125,1
1629497,Marina Mabrey,Marina,1611661321,DAL,24.0,18,6,12,0.333,48.9,8.3,19.2,0.43,4.6,11.0,0.418,1.9,2.9,0.667,1.3,5.8,7.2,5.2,3.8,3.0,0.2,1.0,4.5,4.1,23.1,-2.5,45.5,0,0,46.6,86,93,35,101,56,43,29,73,5,8,24,105,94,109,87,68,77,43,51,11,103,57,71,61,40,80,37,35,1,27,1
1629484,Megan Gustafson,Megan,1611661321,DAL,24.0,9,4,5,0.444,47.0,4.0,13.9,0.286,0.0,1.0,0.0,5.9,8.9,0.667,5.9,5.0,10.9,1.0,2.0,0.0,1.0,4.0,8.9,7.9,13.9,-9.9,29.4,0,0,27.7,129,112,101,84,132,126,94,135,115,119,115,20,6,109,8,83,42,136,126,137,45,1,6,8,105,109,119,35,1,123,1
1629570,Megan Huff,Megan,1611661319,LVA,25.0,7,6,1,0.857,52.0,0.0,10.3,0.0,0.0,3.4,0.0,0.0,0.0,0.0,6.9,6.9,13.8,3.4,10.3,0.0,0.0,3.4,10.3,0.0,0.0,-24.1,11.4,0,0,17.2,132,93,138,5,2,143,129,143,115,95,115,139,139,139,4,51,14,79,1,137,122,4,3,143,143,139,143,35,1,143,2
1630136,Megan Walker,Megan,1611661313,NYL,22.0,18,2,16,0.111,47.1,5.7,17.9,0.321,1.4,9.9,0.14,0.7,1.1,0.6,2.5,3.7,6.2,1.4,1.6,0.9,0.0,1.6,3.4,1.6,13.5,-29.4,24.2,0,0,24.3,86,124,10,134,131,88,45,128,86,13,110,130,130,122,47,112,90,130,133,121,122,16,112,131,110,142,134,35,1,133,1
1628920,Mercedes Russell,Mercedes,1611661328,SEA,25.0,22,18,4,0.818,49.9,5.3,12.8,0.41,0.0,0.0,0.0,2.3,4.1,0.56,2.6,8.9,11.5,2.1,2.6,1.3,1.3,0.8,3.4,3.0,12.8,13.5,35.1,0,0,31.7,1,1,107,9,22,103,106,93,115,128,115,93,68,129,43,28,36,111,102,99,34,73,110,96,118,8,96,35,1,110,1
1630114,Mikiah Herbert Harrigan,Mikiah,1611661324,MIN,22.0,21,13,8,0.619,47.9,6.1,16.7,0.366,2.9,6.7,0.424,1.0,1.4,0.714,2.9,6.9,9.8,1.4,3.1,1.6,1.8,1.2,4.3,1.8,16.1,7.8,37.4,0,0,37.1,50,29,69,47,112,80,58,110,27,48,22,125,126,98,36,47,47,129,77,77,24,29,78,125,83,28,86,35,1,75,1
1628881,Monique Billings,Monique,1611661330,ATL,25.0,22,7,15,0.318,48.8,5.6,13.9,0.4,0.0,0.0,0.0,4.2,5.5,0.761,4.8,10.6,15.3,2.2,3.4,2.0,1.5,0.9,5.1,7.0,15.3,-6.4,43.9,4,0,39.8,1,82,16,107,61,92,93,101,115,128,115,44,39,82,14,14,10,110,61,54,32,65,58,16,93,94,46,11,1,58,1
1627670,Morgan Tuck,Morgan,1611661328,SEA,27.0,10,9,1,0.9,49.4,2.8,8.9,0.313,1.1,5.0,0.222,2.8,4.5,0.625,1.1,2.2,3.4,1.1,3.4,2.8,0.0,0.6,6.7,3.4,9.5,-0.6,20.2,0,0,20.7,125,60,138,4,42,138,136,129,92,73,103,76,58,119,92,138,135,133,63,17,122,100,19,82,135,70,139,35,1,139,1
1627669,Moriah Jefferson,Moriah,1611661321,DAL,27.0,9,3,6,0.333,49.3,5.9,14.1,0.419,0.7,2.0,0.333,2.3,3.9,0.583,2.6,6.6,9.2,6.2,4.9,2.3,0.7,0.3,5.6,3.0,14.8,-20.3,39.0,0,0,36.7,129,118,89,101,46,86,91,86,101,109,62,94,72,125,44,60,53,25,20,38,66,120,42,97,100,133,74,35,1,79,1
1628899,Myisha Hines-Allen,Myisha,1611661322,WAS,26.0,22,9,13,0.409,50.7,11.5,22.6,0.51,2.0,4.7,0.426,3.7,4.5,0.828,2.7,12.3,15.0,4.4,3.7,2.5,0.4,1.1,4.8,5.5,28.8,3.7,58.2,10,0,55.8,1,60,30,89,6,4,10,23,52,78,21,53,59,57,41,5,12,61,55,34,87,46,61,36,10,51,6,1,1,7,1
1629483,Napheesa Collier,Napheesa,1611661324,MIN,24.0,22,14,8,0.636,50.3,9.1,17.4,0.523,1.3,3.3,0.408,4.2,5.1,0.829,4.1,9.2,13.3,4.9,3.9,2.7,1.9,1.2,4.0,5.6,23.7,7.2,56.7,7,0,52.3,1,21,69,43,12,26,52,17,88,96,26,43,48,55,22,24,17,50,41,22,22,31,88,34,31,31,10,4,1,11,1
203831,Natalie Achonwa,Natalie,1611661325,IND,28.0,18,4,14,0.222,48.2,7.6,15.3,0.496,0.0,1.3,0.0,3.4,4.2,0.813,3.4,9.7,13.1,4.1,4.4,1.2,1.5,1.5,6.1,4.8,18.6,-14.9,44.1,0,0,41.1,86,112,21,126,93,56,75,30,115,113,115,60,64,64,30,19,20,68,28,106,33,22,28,48,68,124,45,35,1,55,1
203827,Natasha Howard,Natasha,1611661328,SEA,29.0,22,18,4,0.818,49.4,9.3,17.5,0.53,0.7,2.1,0.35,3.0,3.8,0.778,5.5,11.1,16.6,2.3,4.9,4.1,1.5,0.7,7.1,3.3,22.3,17.3,57.5,3,0,53.1,1,1,107,9,43,22,50,15,99,107,50,68,74,77,9,10,5,106,21,4,31,81,17,89,44,3,7,17,1,10,1
1629567,Natisha Hiedeman,Natisha,1611661323,CON,24.0,22,10,12,0.455,49.7,5.5,15.5,0.354,2.8,7.8,0.359,2.6,3.6,0.7,1.0,4.1,5.1,5.0,2.9,1.0,0.0,1.1,5.2,2.8,16.3,-8.6,29.9,0,0,31.1,1,53,35,81,28,96,72,117,29,30,47,83,76,103,101,101,105,47,86,119,122,43,55,103,82,105,117,35,1,114,1
1628269,Nia Coffey,Nia,1611661317,PHO,26.0,15,7,8,0.467,48.0,3.3,7.9,0.421,1.5,4.4,0.333,0.2,1.3,0.167,1.0,6.7,7.7,2.5,1.5,1.0,1.0,0.0,6.3,2.9,8.4,0.6,26.2,0,0,24.3,105,82,69,80,109,132,140,84,79,82,62,138,127,138,98,55,69,100,137,116,41,136,24,98,137,64,129,35,1,134,1
203014,Nneka Ogwumike,Nneka,1611661320,LAS,30.0,18,14,4,0.778,49.1,9.9,17.4,0.569,0.9,1.9,0.5,4.3,5.1,0.837,2.2,6.9,9.1,3.2,2.9,2.0,0.3,0.9,4.3,6.0,25.0,6.9,44.7,0,0,42.9,86,21,107,24,52,15,51,8,96,110,7,41,47,48,59,52,57,87,86,53,97,63,79,28,22,33,41,35,1,43,1
203824,Odyssey Sims,Odyssey,1611661324,MIN,28.0,13,7,6,0.538,49.3,8.6,21.3,0.404,1.6,4.9,0.333,6.1,6.8,0.909,1.6,3.7,5.3,9.2,5.1,1.4,0.2,1.2,4.5,6.1,25.0,2.0,45.0,0,0,44.5,109,82,89,63,50,40,14,99,70,77,62,18,22,17,75,111,101,4,14,89,108,28,70,27,23,60,39,35,1,34,1
1629502,Paris Kea,Paris,1611661313,NYL,25.0,11,1,10,0.091,47.9,8.1,21.2,0.384,3.8,9.6,0.394,2.0,2.3,0.875,1.5,4.9,6.4,4.7,5.5,2.0,0.9,1.5,3.5,2.9,22.1,-21.2,39.9,0,0,42.7,123,134,51,140,111,45,15,104,11,15,32,104,108,28,84,85,88,55,9,52,53,23,107,99,46,135,69,35,1,45,1
1627671,Rachel Banham,Rachel,1611661324,MIN,27.0,20,12,8,0.6,49.5,7.0,15.2,0.462,3.6,7.7,0.472,2.3,2.9,0.8,0.3,3.4,3.6,6.9,2.9,1.3,0.3,1.2,5.8,2.8,20.0,6.9,36.6,1,0,37.4,66,35,69,50,38,66,78,52,13,32,11,89,93,69,133,123,131,21,86,98,99,35,35,106,60,34,91,26,1,73,1
204334,Reshanda Gray,Reshanda,1611661320,LAS,28.0,10,6,4,0.6,46.6,3.0,8.2,0.364,0.0,0.0,0.0,4.5,5.2,0.857,4.5,16.4,20.9,2.2,7.5,0.7,3.0,2.2,7.5,3.7,10.4,9.7,42.6,0,0,41.0,125,93,107,50,137,136,139,111,115,128,115,36,41,39,17,1,1,109,3,127,8,6,15,68,131,21,55,35,1,56,1
203029,Riquna Williams,Riquna,1611661320,LAS,31.0,21,14,7,0.667,49.1,9.0,20.6,0.435,4.8,11.3,0.422,1.8,2.0,0.889,0.3,3.9,4.2,3.4,2.1,2.7,0.8,0.2,4.5,2.5,24.4,-0.2,42.8,0,0,43.6,50,21,81,36,54,29,20,70,4,6,23,106,115,23,132,108,122,80,121,23,62,129,67,111,26,67,53,35,1,37,1
1630113,Ruthy Hebard,Ruthy,1611661329,CHI,23.0,22,12,10,0.545,48.2,8.7,12.8,0.682,0.0,0.0,0.0,1.4,1.8,0.75,2.7,10.2,12.9,1.1,2.3,1.5,1.2,0.6,5.3,2.7,18.8,4.5,41.8,1,0,38.2,1,35,51,58,95,36,107,1,115,128,115,118,119,83,40,15,22,134,113,84,39,97,51,107,66,43,59,26,1,68,1
1629477,Sabrina Ionescu,Sabrina,1611661313,NYL,23.0,3,0,3,0.0,46.0,11.0,24.3,0.452,4.0,11.6,0.35,5.8,5.8,1.0,1.2,6.9,8.1,6.9,7.5,1.2,0.0,0.0,2.3,7.5,31.8,-15.0,47.9,0,0,53.2,140,145,130,145,143,7,4,56,9,4,50,22,35,1,91,49,65,20,2,108,122,136,139,12,5,126,27,35,1,9,1
1628244,Sami Whitcomb,Sami,1611661328,SEA,32.0,22,18,4,0.818,48.0,8.2,18.5,0.443,4.2,11.1,0.381,2.9,2.9,1.0,0.5,6.1,6.6,5.8,2.9,2.1,0.4,0.7,4.1,2.8,23.5,11.4,44.8,0,0,45.2,1,1,107,9,110,44,41,65,8,7,38,70,95,1,122,65,85,29,90,48,86,90,86,105,35,13,40,35,1,32,1
1630149,Satou Sabally,Satou,1611661321,DAL,23.0,16,5,11,0.313,48.9,7.3,19.8,0.368,1.4,7.2,0.197,8.1,9.3,0.872,4.5,9.0,13.5,4.3,3.8,1.4,1.5,1.3,5.4,8.0,24.1,-6.2,51.8,5,0,49.2,101,105,42,112,57,60,24,109,83,37,105,4,5,35,19,26,16,63,46,91,30,27,47,7,29,91,16,7,1,19,1
200671,Seimone Augustus,Seimone,1611661320,LAS,37.0,21,15,6,0.714,48.1,7.8,16.0,0.491,1.7,3.2,0.545,0.6,0.9,0.667,0.4,4.9,5.4,3.6,1.2,1.7,0.3,0.0,2.9,0.9,18.0,8.4,34.8,0,0,32.8,50,18,89,27,97,53,67,34,65,97,5,132,133,109,126,86,99,78,140,70,101,136,126,141,71,24,98,35,1,100,1
1628278,Shatori Walker-Kimbrough,Shatori,1611661317,PHO,26.0,21,12,9,0.571,48.3,6.5,15.2,0.429,2.7,6.2,0.431,2.8,3.0,0.92,0.7,3.4,4.1,3.9,2.5,2.8,1.0,1.0,2.9,3.6,18.5,4.5,37.9,0,0,36.6,50,35,61,56,88,73,76,74,34,58,20,77,89,12,112,121,126,75,103,18,47,61,127,72,69,44,80,35,1,80,1
203015,Shekinna Stricklen,Shekinna,1611661330,ATL,30.0,22,7,15,0.318,49.4,4.9,14.3,0.341,3.4,10.2,0.333,0.8,0.8,1.0,0.4,3.9,4.3,1.4,1.6,0.7,0.1,0.7,4.5,0.9,14.0,-8.4,22.3,0,0,24.8,1,82,16,107,44,110,89,125,17,11,62,129,135,1,128,107,119,128,135,128,119,82,72,139,103,102,137,35,1,132,1
203018,Shenise Johnson,Shenise,1611661324,MIN,30.0,17,11,6,0.647,48.5,6.4,18.8,0.341,1.4,3.9,0.353,5.7,6.4,0.893,2.3,5.3,7.6,4.8,4.6,3.7,0.2,1.1,4.1,6.0,20.0,-6.2,43.4,0,0,41.5,94,46,89,40,75,75,34,124,86,89,48,23,26,22,54,78,71,51,25,5,105,38,85,30,61,92,49,35,1,53,1
203035,Shey Peddy,Shey,1611661317,PHO,32.0,17,9,8,0.529,48.3,3.6,11.9,0.302,0.8,6.4,0.118,4.2,4.2,1.0,1.7,4.9,6.6,5.7,2.8,3.6,0.2,0.8,4.2,4.0,12.1,-2.1,37.0,0,0,32.6,94,60,69,66,89,130,115,132,98,55,111,45,66,1,73,87,86,35,94,6,111,80,84,64,126,79,88,35,1,101,2
203400,Skylar Diggins,Skylar,1611661317,PHO,30.0,22,13,9,0.591,48.4,9.1,19.2,0.474,3.3,8.3,0.397,6.5,7.2,0.9,0.8,4.5,5.2,6.7,5.0,1.4,0.8,0.8,3.6,5.8,28.0,-2.9,46.0,0,0,47.7,1,29,61,52,80,25,27,42,21,23,29,16,20,18,108,96,102,22,17,88,60,77,101,32,12,82,35,35,1,24,1
1629482,Sophie Cunningham,Sophie,1611661317,PHO,24.0,21,12,9,0.571,47.5,4.2,10.9,0.385,1.4,6.1,0.235,2.6,3.0,0.88,1.1,1.6,2.6,1.9,1.8,1.3,0.4,0.7,5.5,2.6,12.5,9.2,21.8,0,0,21.8,50,35,61,56,123,124,124,103,81,60,96,81,90,27,97,141,142,117,129,97,89,84,44,108,123,23,138,35,1,138,1
203828,Stefanie Dolson,Stefanie,1611661329,CHI,29.0,15,8,7,0.533,48.4,6.2,12.6,0.493,2.1,5.7,0.375,2.5,3.4,0.737,1.9,7.3,9.2,4.4,2.7,1.1,2.3,0.2,8.5,2.8,17.0,4.2,42.1,0,0,39.5,105,71,81,65,84,79,109,32,45,66,39,88,82,89,66,43,52,60,100,114,15,132,7,102,77,45,57,35,1,61,1
1630118,Stella Johnson,Stella,1611661322,WAS,22.0,9,3,6,0.333,50.8,8.1,17.3,0.471,4.6,7.1,0.643,2.5,2.5,1.0,2.0,4.1,6.1,6.1,2.0,3.0,1.0,0.0,5.6,4.1,23.4,-1.5,49.9,0,0,48.2,129,118,89,101,4,46,53,46,6,39,3,85,104,1,62,105,92,27,124,10,42,136,40,63,38,76,20,35,1,23,2
1628906,Stephanie Mavunga,Stephanie,1611661329,CHI,26.0,10,2,8,0.2,47.7,6.5,14.5,0.448,0.0,2.5,0.0,4.5,5.5,0.818,5.0,11.5,16.5,2.5,5.5,0.5,1.0,1.0,5.5,4.5,17.5,-12.0,40.1,0,0,39.5,125,124,69,129,119,74,87,61,115,104,115,35,38,62,12,7,6,101,10,132,44,53,45,53,73,114,68,35,1,60,2
100720,Sue Bird,Sue,1611661328,SEA,40.0,11,10,1,0.909,49.3,7.9,15.9,0.494,4.4,9.4,0.469,0.6,0.8,0.75,0.2,3.4,3.6,10.9,3.4,1.3,0.4,0.2,1.7,1.1,20.7,24.7,43.2,0,0,43.1,123,53,138,3,48,52,69,31,7,18,14,133,136,83,137,117,132,3,59,93,88,131,142,134,54,1,50,35,1,40,1
1630134,Sug Sutton,Sug,1611661322,WAS,22.0,12,6,6,0.5,52.4,5.6,15.3,0.364,2.3,7.9,0.294,2.3,3.2,0.714,0.0,4.2,4.2,5.6,2.8,0.5,0.0,1.9,5.1,3.7,15.7,-10.2,27.7,0,0,28.7,119,93,89,67,1,93,74,111,40,28,81,90,87,98,139,99,123,39,95,135,122,12,56,70,88,111,125,35,1,118,1
203411,Sugar Rodgers,Sugar,1611661319,LVA,31.0,22,18,4,0.818,47.8,4.7,14.6,0.321,3.6,11.6,0.313,0.5,0.7,0.75,0.5,4.5,5.1,5.6,2.9,1.3,0.5,0.7,4.5,0.9,13.5,10.8,30.5,0,0,31.4,1,1,107,9,115,115,86,127,14,5,76,134,137,83,120,95,106,37,92,104,74,83,69,140,109,15,114,35,1,113,1
202641,Sydney Colson,Sydney,1611661329,CHI,31.0,17,8,9,0.471,48.2,3.9,9.2,0.429,1.3,3.9,0.333,3.1,3.5,0.875,0.4,2.6,3.1,6.1,6.1,2.6,0.0,0.4,5.7,3.9,12.2,-16.2,26.8,0,0,27.9,94,71,61,79,94,127,133,74,90,88,62,67,80,28,125,135,139,26,8,26,122,116,38,66,124,129,127,35,1,122,1
1628282,Sydney Wiese,Sydney,1611661320,LAS,26.0,19,14,5,0.737,48.6,6.3,12.4,0.505,3.3,7.1,0.472,1.5,1.6,0.917,0.7,3.7,4.4,2.9,2.9,1.5,0.3,0.4,2.3,2.1,17.4,5.1,29.4,0,0,31.6,78,21,101,25,72,78,111,24,19,40,11,113,124,14,114,110,117,93,84,87,102,118,140,120,74,39,120,35,1,112,1
201480,Sylvia Fowles,Sylvia,1611661324,MIN,35.0,7,5,2,0.714,50.7,11.7,19.3,0.609,0.0,0.0,0.0,7.2,8.7,0.828,6.3,14.2,20.5,1.8,2.4,1.8,2.4,1.2,5.4,6.0,30.7,11.1,68.3,4,0,61.4,132,105,135,27,5,3,26,3,115,128,115,9,8,57,5,3,2,120,110,64,12,30,48,29,8,14,1,11,1,2,1
1630099,Te'a Cooper,Te'a,1611661320,LAS,24.0,20,14,6,0.7,48.1,7.1,15.8,0.451,1.5,4.5,0.344,3.6,4.7,0.765,0.3,2.5,2.8,5.6,4.0,1.8,0.0,0.8,5.4,7.7,19.4,4.2,32.5,0,0,32.9,66,21,89,30,104,65,70,57,73,81,56,54,56,81,135,136,140,38,36,63,122,71,46,10,64,46,107,35,1,99,1
1629479,Teaira McCowan,Teaira,1611661325,IND,24.0,22,6,16,0.273,49.5,9.7,18.0,0.536,0.0,0.3,0.0,6.4,8.6,0.75,7.4,9.9,17.3,1.5,4.6,0.8,2.4,1.5,6.2,8.4,25.8,-7.6,53.5,5,0,50.8,1,93,10,120,37,18,44,13,115,122,115,17,10,83,3,18,4,127,24,126,14,20,25,5,20,99,12,7,1,15,1
203849,Theresa Plaisance,Theresa,1611661323,CON,29.0,13,4,9,0.308,50.0,6.1,16.0,0.379,2.8,9.4,0.294,2.8,3.3,0.833,1.1,6.1,7.2,0.6,1.1,2.8,1.7,0.6,11.0,3.9,17.7,-23.2,39.3,0,0,37.0,109,112,61,114,18,81,64,106,30,17,81,79,85,49,94,64,75,139,141,19,28,102,2,67,72,137,73,35,1,77,1
203403,Tianna Hawkins,Tianna,1611661322,WAS,30.0,17,5,12,0.294,49.9,8.0,19.7,0.408,2.6,8.6,0.298,3.3,3.9,0.846,1.8,7.3,9.1,2.6,3.0,2.1,0.9,0.8,6.7,3.9,22.0,-13.7,42.9,1,0,42.3,94,105,35,118,23,48,25,96,36,22,80,62,71,46,70,40,55,98,79,47,51,78,21,65,47,122,52,26,1,47,1
203437,Tierra Ruffin-Pratt,Tierra,1611661320,LAS,30.0,17,12,5,0.706,48.8,2.4,8.9,0.267,1.2,2.6,0.462,3.8,5.2,0.731,1.8,5.4,7.1,3.0,1.8,2.2,0.6,0.4,5.6,4.2,9.7,2.4,29.3,0,0,26.6,94,35,101,29,60,141,137,138,91,103,16,50,44,94,71,77,78,92,130,43,69,119,43,59,134,57,121,35,1,127,1
1627676,Tiffany Mitchell,Tiffany,1611661325,IND,26.0,19,5,14,0.263,48.7,7.2,20.8,0.346,1.6,7.1,0.233,7.5,7.9,0.951,1.5,4.8,6.3,4.8,4.4,1.2,0.2,1.0,4.8,7.2,23.5,-6.9,37.9,0,0,38.9,78,105,21,125,67,64,19,121,68,41,99,6,18,8,83,89,89,53,29,107,110,58,64,14,36,97,83,35,1,63,1
1630112,Tyasha Harris,Tyasha,1611661321,DAL,23.0,21,7,14,0.333,49.4,6.6,15.2,0.433,2.3,6.7,0.339,1.7,2.6,0.636,0.0,3.1,3.1,7.0,2.2,2.2,0.4,0.5,4.3,2.4,17.1,-6.8,36.7,0,0,34.5,50,82,21,101,40,70,77,72,41,50,60,107,103,118,139,127,138,19,119,45,90,112,75,117,76,96,90,35,1,89,1
1628927,Victoria Vivians,Victoria,1611661325,IND,26.0,6,3,3,0.5,47.1,5.5,16.0,0.345,1.1,6.1,0.182,3.9,4.4,0.875,1.1,6.6,7.7,1.7,3.3,0.6,0.0,1.1,8.3,3.3,16.0,1.7,26.1,0,0,27.6,135,118,130,67,130,94,64,122,93,61,106,48,61,28,94,58,70,125,67,130,122,41,9,87,84,61,131,35,1,124,1
